elevator_id,elevator_model,installation_date,customer_id,location_id,building_type,capacity_kg,status
ELV00001,HE-2800 Freight,2017-10-11,100000002,PVG,Commercial Office,630,Active
ELV00002,HE-3500 High-Speed,2014-08-22,100000015,PHL,Industrial,2000,Active
ELV00003,HE-1200 Compact,2021-08-10,100000002,USA,Residential,450,Under Maintenance
ELV00004,HE-1200 Compact,2019-12-30,100000016,BLR,Commercial Office,630,Active
ELV00005,HE-1800 Standard,2023-11-26,100000035,YVR,Shopping Mall,630,Active
ELV00006,HE-1800 Standard,2025-06-29,100000004,SYD,Residential,800,Active
ELV00007,HE-2800 Freight,2020-08-21,100000019,FRA,Shopping Mall,1600,Active
ELV00008,HE-4200 Express,2023-07-22,100000038,SYD,Hospital,2500,Active
ELV00009,HE-3000 Hospital-Grade,2019-02-20,100000015,SFO,Residential,800,Active
ELV00010,HE-4200 Express,2025-02-22,100000000,CAN,Hotel,1600,Active
ELV00011,HE-2200 MRL,2018-01-26,100000011,IND,Transit Hub,800,Active
ELV00012,HE-1200 Compact,2025-11-02,100000014,UAE,Residential,800,Active
ELV00013,HE-3500 High-Speed,2025-02-03,100000004,ENG,Mixed-Use,800,Active
ELV00014,HE-2200 MRL,2025-07-19,100000014,ENG,Hotel,1275,Active
ELV00015,HE-3000 Hospital-Grade,2025-02-06,100000016,CAN,Hospital,2500,Active
ELV00016,HE-1800 Standard,2024-11-21,100000009,ENG,Industrial,5000,Active
ELV00017,HE-4200 Express,2022-06-23,100000037,PHL,Residential,800,Active
ELV00018,HE-5000 Panoramic,2013-11-30,100000038,MEX,Shopping Mall,1000,Active
ELV00019,HE-2200 MRL,2020-07-18,100000037,PHL,Hotel,1275,Decommissioned
ELV00020,HE-2200 MRL,2020-06-22,100000037,PHL,Commercial Office,1275,Active
ELV00021,HE-1800 Standard,2025-05-17,100000002,CHN,Residential,630,Active
ELV00022,HE-4200 Express,2014-12-31,100000002,CAN,Hospital,2500,Active
ELV00023,HE-3500 High-Speed,2024-01-14,100000004,MEC,Transit Hub,630,Decommissioned
ELV00024,HE-2800 Freight,2024-06-04,100000004,CAN,Hotel,1275,Active
ELV00025,HE-2800 Freight,2012-06-08,100000009,BLR,Residential,450,Active
ELV00026,HE-2000 Gearless,2024-05-27,100000016,AUS,Commercial Office,1600,Active
ELV00027,HE-2800 Freight,2026-02-19,100000023,MEX,Residential,800,Active
ELV00028,HE-3500 High-Speed,2015-10-11,100000038,GER,Shopping Mall,1275,Under Maintenance
ELV00029,HE-3500 High-Speed,2025-09-17,100000023,MEX,Residential,800,Active
ELV00030,HE-1200 Compact,2023-09-27,100000032,FRA,Hotel,1275,Active
ELV00031,HE-1200 Compact,2025-11-16,100000000,MEX,Residential,450,Active
ELV00032,HE-2200 MRL,2021-12-02,100000017,FRA,Commercial Office,1000,Active
ELV00033,HE-5000 Panoramic,2025-10-07,100000015,PHL,Commercial Office,1275,Active
ELV00034,HE-3000 Hospital-Grade,2026-01-22,100000038,SFO,Commercial Office,1600,Active
ELV00035,HE-3500 High-Speed,2015-08-20,100000003,ENG,Commercial Office,1000,Active
ELV00036,HE-3500 High-Speed,2021-05-07,100000017,FRA,Industrial,3000,Active
ELV00037,HE-4200 Express,2020-07-23,100000004,UAE,Residential,450,Active
ELV00038,HE-3500 High-Speed,2013-08-25,100000004,SYD,Mixed-Use,800,Active
ELV00039,HE-2800 Freight,2025-01-20,100000002,SYD,Commercial Office,1275,Active
ELV00040,HE-1200 Compact,2025-09-14,100000034,YVR,Commercial Office,630,Active
ELV00041,HE-4200 Express,2023-01-28,100000035,BLR,Hospital,1600,Active
ELV00042,HE-1800 Standard,2020-05-29,100000009,AUS,Commercial Office,800,Under Maintenance
ELV00043,HE-5000 Panoramic,2014-11-18,100000000,FRA,Commercial Office,1000,Active
ELV00044,HE-3000 Hospital-Grade,2019-12-01,100000014,BLR,Residential,450,Active
ELV00045,HE-1800 Standard,2022-01-19,100000014,MEC,Residential,800,Active
ELV00046,HE-4200 Express,2014-12-02,100000015,YVR,Hotel,1000,Active
ELV00047,HE-2200 MRL,2012-05-24,100000008,GER,Shopping Mall,1000,Active
ELV00048,HE-1800 Standard,2025-05-14,100000002,MEC,Commercial Office,1600,Active
ELV00049,HE-2800 Freight,2015-11-21,100000011,CAN,Industrial,5000,Active
ELV00050,HE-1200 Compact,2015-02-01,100000011,PVG,Hospital,2000,Active
ELV00051,HE-4200 Express,2024-09-17,100000023,USA,Residential,630,Active
ELV00052,HE-2200 MRL,2025-09-30,100000032,PHL,Industrial,2000,Active
ELV00053,HE-3000 Hospital-Grade,2023-01-21,100000023,SFO,Hotel,1275,Active
ELV00054,HE-1800 Standard,2026-01-15,100000000,USA,Residential,450,Decommissioned
ELV00055,HE-2000 Gearless,2025-12-25,100000038,DXB,Residential,800,Active
ELV00056,HE-2200 MRL,2018-05-14,100000035,IND,Hospital,2000,Under Maintenance
ELV00057,HE-5000 Panoramic,2019-11-01,100000011,BLR,Residential,630,Active
ELV00058,HE-3000 Hospital-Grade,2018-05-23,100000004,BLR,Shopping Mall,1275,Active
ELV00059,HE-3500 High-Speed,2024-03-02,100000037,MEC,Residential,630,Active
ELV00060,HE-5000 Panoramic,2013-01-17,100000019,MEX,Residential,450,Active
ELV00061,HE-3000 Hospital-Grade,2024-12-09,100000008,ENG,Residential,450,Active
ELV00062,HE-1800 Standard,2024-07-14,100000017,UAE,Mixed-Use,1600,Active
ELV00063,HE-1200 Compact,2012-04-13,100000008,CHN,Shopping Mall,1600,Active
ELV00064,HE-3000 Hospital-Grade,2024-12-01,100000008,IND,Shopping Mall,1600,Active
ELV00065,HE-3000 Hospital-Grade,2019-04-19,100000009,SYD,Hospital,1600,Active
ELV00066,HE-1800 Standard,2014-09-17,100000015,DXB,Commercial Office,1000,Active
ELV00067,HE-2800 Freight,2020-06-15,100000009,PHL,Industrial,5000,Active
ELV00068,HE-2000 Gearless,2025-04-20,100000016,PHL,Hospital,1600,Decommissioned
ELV00069,HE-5000 Panoramic,2022-01-13,100000038,PHL,Residential,450,Active
ELV00070,HE-1800 Standard,2013-11-16,100000004,MEC,Hospital,2000,Active
ELV00071,HE-1200 Compact,2023-11-06,100000032,DXB,Hotel,1275,Active
ELV00072,HE-3000 Hospital-Grade,2016-05-01,100000035,PHL,Commercial Office,1600,Active
ELV00073,HE-2200 MRL,2015-08-17,100000014,UAE,Shopping Mall,1275,Active
ELV00074,HE-2200 MRL,2015-05-13,100000034,GER,Residential,800,Active
ELV00075,HE-2800 Freight,2025-02-22,100000019,BLR,Industrial,2000,Active
ELV00076,HE-2000 Gearless,2013-05-30,100000001,MEC,Industrial,2000,Active
ELV00077,HE-2200 MRL,2013-05-22,100000037,CAN,Residential,450,Active
ELV00078,HE-2800 Freight,2018-02-21,100000019,SFO,Residential,800,Active
ELV00079,HE-2000 Gearless,2015-06-24,100000011,YVR,Commercial Office,1000,Active
ELV00080,HE-3500 High-Speed,2013-07-06,100000001,YVR,Hotel,800,Active
ELV00081,HE-4200 Express,2024-08-15,100000009,PHL,Mixed-Use,1275,Active
ELV00082,HE-5000 Panoramic,2019-05-30,100000037,USA,Shopping Mall,800,Active
ELV00083,HE-3500 High-Speed,2024-07-22,100000037,MEC,Mixed-Use,630,Active
ELV00084,HE-2000 Gearless,2016-01-31,100000009,PVG,Residential,800,Active
ELV00085,HE-3500 High-Speed,2013-03-22,100000001,YVR,Mixed-Use,800,Active
ELV00086,HE-5000 Panoramic,2025-01-08,100000034,USA,Industrial,2000,Active
ELV00087,HE-3500 High-Speed,2021-03-14,100000016,SFO,Mixed-Use,630,Active
ELV00088,HE-2800 Freight,2015-08-18,100000015,IND,Hospital,2000,Decommissioned
ELV00089,HE-4200 Express,2023-08-13,100000003,IND,Residential,630,Active
ELV00090,HE-3000 Hospital-Grade,2020-06-23,100000015,YVR,Residential,630,Active
ELV00091,HE-1800 Standard,2021-05-04,100000003,SYD,Residential,630,Active
ELV00092,HE-3000 Hospital-Grade,2012-07-27,100000023,CAN,Industrial,3000,Active
ELV00093,HE-2200 MRL,2016-08-19,100000009,CHN,Hospital,2500,Active
ELV00094,HE-2000 Gearless,2025-08-30,100000009,LHR,Residential,450,Active
ELV00095,HE-3500 High-Speed,2022-11-16,100000031,BLR,Residential,800,Under Maintenance
ELV00096,HE-3000 Hospital-Grade,2016-05-09,100000035,PVG,Residential,630,Active
ELV00097,HE-1800 Standard,2013-02-03,100000034,LHR,Mixed-Use,1275,Active
ELV00098,HE-3500 High-Speed,2016-10-13,100000008,IND,Commercial Office,630,Under Maintenance
ELV00099,HE-1200 Compact,2016-12-27,100000016,SFO,Mixed-Use,1275,Active
ELV00100,HE-2200 MRL,2017-12-24,100000038,DXB,Shopping Mall,630,Active
ELV00101,HE-1800 Standard,2018-03-19,100000014,SFO,Residential,800,Active
ELV00102,HE-5000 Panoramic,2016-10-24,100000015,DXB,Hotel,1275,Decommissioned
ELV00103,HE-3000 Hospital-Grade,2025-08-12,100000037,DXB,Hotel,630,Decommissioned
ELV00104,HE-5000 Panoramic,2023-01-14,100000008,MEX,Commercial Office,1275,Active
ELV00105,HE-3500 High-Speed,2018-04-29,100000023,IND,Industrial,5000,Decommissioned
ELV00106,HE-3500 High-Speed,2026-02-07,100000017,AUS,Commercial Office,1275,Active
ELV00107,HE-5000 Panoramic,2018-08-14,100000023,PVG,Residential,450,Active
ELV00108,HE-5000 Panoramic,2014-05-29,100000038,CHN,Residential,450,Active
ELV00109,HE-1800 Standard,2026-01-29,100000031,BLR,Transit Hub,1000,Under Maintenance
ELV00110,HE-3000 Hospital-Grade,2021-03-10,100000038,MEC,Residential,450,Active
ELV00111,HE-2200 MRL,2018-12-29,100000038,UAE,Residential,450,Active
ELV00112,HE-2200 MRL,2021-08-25,100000000,IND,Shopping Mall,800,Active
ELV00113,HE-3500 High-Speed,2012-05-08,100000034,YVR,Shopping Mall,1000,Active
ELV00114,HE-1200 Compact,2015-10-08,100000009,PVG,Hotel,630,Active
ELV00115,HE-3500 High-Speed,2024-09-15,100000011,SFO,Mixed-Use,800,Active
ELV00116,HE-4200 Express,2019-07-25,100000017,SFO,Residential,630,Active
ELV00117,HE-1200 Compact,2025-12-23,100000008,LHR,Mixed-Use,630,Active
ELV00118,HE-3000 Hospital-Grade,2022-08-15,100000038,PHL,Commercial Office,1600,Active
ELV00119,HE-5000 Panoramic,2023-04-29,100000038,SYD,Shopping Mall,630,Active
ELV00120,HE-3500 High-Speed,2017-03-13,100000035,ENG,Hotel,1275,Under Maintenance
ELV00121,HE-2800 Freight,2025-02-04,100000035,YVR,Residential,630,Active
ELV00122,HE-1200 Compact,2023-10-05,100000032,GER,Mixed-Use,1275,Active
ELV00123,HE-1200 Compact,2017-06-06,100000031,DXB,Hospital,2500,Under Maintenance
ELV00124,HE-2800 Freight,2013-12-11,100000016,PVG,Mixed-Use,1000,Under Maintenance
ELV00125,HE-3000 Hospital-Grade,2025-04-13,100000003,CAN,Shopping Mall,1275,Active
ELV00126,HE-2200 MRL,2019-10-29,100000031,USA,Hospital,2500,Active
ELV00127,HE-1200 Compact,2018-06-03,100000023,MEX,Residential,630,Active
ELV00128,HE-2000 Gearless,2016-08-18,100000011,YVR,Hotel,1000,Active
ELV00129,HE-2800 Freight,2022-11-17,100000032,YVR,Industrial,2000,Active
ELV00130,HE-2000 Gearless,2012-06-05,100000000,CHN,Residential,630,Active
ELV00131,HE-2200 MRL,2015-12-13,100000014,YVR,Shopping Mall,1000,Active
ELV00132,HE-1200 Compact,2022-09-07,100000032,ENG,Mixed-Use,1275,Active
ELV00133,HE-2200 MRL,2014-06-19,100000001,SFO,Transit Hub,1600,Active
ELV00134,HE-4200 Express,2019-06-14,100000002,CHN,Shopping Mall,800,Active
ELV00135,HE-3000 Hospital-Grade,2025-03-21,100000011,MEC,Residential,630,Active
ELV00136,HE-5000 Panoramic,2019-05-01,100000015,AUS,Residential,800,Active
ELV00137,HE-5000 Panoramic,2022-08-18,100000015,CAN,Residential,450,Active
ELV00138,HE-4200 Express,2012-10-01,100000003,YVR,Transit Hub,1275,Active
ELV00139,HE-2000 Gearless,2021-01-25,100000001,CHN,Residential,800,Active
ELV00140,HE-3000 Hospital-Grade,2026-02-28,100000017,GER,Residential,450,Active
ELV00141,HE-2000 Gearless,2014-04-06,100000019,YVR,Mixed-Use,630,Active
ELV00142,HE-5000 Panoramic,2016-08-17,100000004,ENG,Residential,800,Active
ELV00143,HE-3000 Hospital-Grade,2014-05-28,100000031,AUS,Residential,630,Active
ELV00144,HE-3000 Hospital-Grade,2025-06-27,100000011,DXB,Shopping Mall,1275,Active
ELV00145,HE-2800 Freight,2023-01-29,100000002,PHL,Residential,800,Active
ELV00146,HE-2800 Freight,2013-03-31,100000019,AUS,Hotel,630,Active
ELV00147,HE-3000 Hospital-Grade,2012-03-31,100000034,MEC,Hotel,800,Active
ELV00148,HE-2000 Gearless,2018-10-07,100000003,AUS,Shopping Mall,630,Active
ELV00149,HE-2000 Gearless,2025-03-06,100000031,LHR,Residential,800,Active
ELV00150,HE-1800 Standard,2023-06-22,100000001,SYD,Residential,630,Active
ELV00151,HE-3000 Hospital-Grade,2018-02-06,100000002,SYD,Residential,800,Active
ELV00152,HE-1200 Compact,2025-09-06,100000023,AUS,Commercial Office,800,Active
ELV00153,HE-1200 Compact,2022-10-29,100000002,FRA,Residential,630,Active
ELV00154,HE-1200 Compact,2013-01-26,100000002,MEC,Residential,630,Active
ELV00155,HE-3500 High-Speed,2017-12-23,100000004,ENG,Shopping Mall,800,Active
ELV00156,HE-3000 Hospital-Grade,2012-06-23,100000031,ENG,Residential,450,Under Maintenance
ELV00157,HE-2000 Gearless,2014-04-15,100000009,IND,Hotel,1600,Active
ELV00158,HE-1200 Compact,2015-04-22,100000017,PVG,Industrial,3000,Active
ELV00159,HE-2200 MRL,2018-09-12,100000019,SFO,Hospital,2500,Active
ELV00160,HE-2200 MRL,2016-04-16,100000023,MEX,Commercial Office,800,Active
ELV00161,HE-1200 Compact,2016-09-07,100000001,PVG,Industrial,2000,Active
ELV00162,HE-3500 High-Speed,2024-05-01,100000004,ENG,Commercial Office,630,Under Maintenance
ELV00163,HE-2000 Gearless,2018-12-14,100000003,CHN,Commercial Office,1000,Decommissioned
ELV00164,HE-1200 Compact,2020-03-24,100000009,GER,Commercial Office,1000,Active
ELV00165,HE-3000 Hospital-Grade,2021-03-04,100000016,FRA,Commercial Office,800,Active
ELV00166,HE-1800 Standard,2019-11-24,100000002,CAN,Residential,800,Active
ELV00167,HE-2200 MRL,2017-03-23,100000019,DXB,Commercial Office,630,Active
ELV00168,HE-2000 Gearless,2020-07-11,100000001,YVR,Shopping Mall,1000,Active
ELV00169,HE-3500 High-Speed,2019-05-18,100000016,YVR,Industrial,2000,Active
ELV00170,HE-2000 Gearless,2025-04-05,100000038,FRA,Hotel,630,Active
ELV00171,HE-2800 Freight,2015-12-29,100000011,PVG,Residential,800,Active
ELV00172,HE-3000 Hospital-Grade,2019-07-30,100000008,LHR,Hospital,2500,Active
ELV00173,HE-2000 Gearless,2024-11-17,100000009,UAE,Commercial Office,630,Active
ELV00174,HE-5000 Panoramic,2018-05-17,100000031,PHL,Commercial Office,630,Under Maintenance
ELV00175,HE-5000 Panoramic,2017-07-25,100000009,BLR,Shopping Mall,800,Active
ELV00176,HE-2800 Freight,2013-06-08,100000002,FRA,Mixed-Use,1000,Active
ELV00177,HE-2200 MRL,2019-03-06,100000037,YVR,Residential,630,Active
ELV00178,HE-3000 Hospital-Grade,2017-10-27,100000009,SYD,Mixed-Use,1275,Active
ELV00179,HE-2200 MRL,2025-11-29,100000008,CAN,Commercial Office,1275,Active
ELV00180,HE-1800 Standard,2013-09-10,100000014,ENG,Mixed-Use,800,Active
ELV00181,HE-3500 High-Speed,2012-08-13,100000008,IND,Hotel,1000,Under Maintenance
ELV00182,HE-3000 Hospital-Grade,2022-02-03,100000002,AUS,Commercial Office,1600,Active
ELV00183,HE-1200 Compact,2021-01-30,100000002,MEC,Hospital,1600,Active
ELV00184,HE-1200 Compact,2015-12-05,100000009,PHL,Residential,800,Active
ELV00185,HE-1800 Standard,2015-06-02,100000037,FRA,Shopping Mall,1000,Decommissioned
ELV00186,HE-1200 Compact,2023-11-11,100000000,ENG,Residential,630,Active
ELV00187,HE-4200 Express,2022-10-12,100000009,UAE,Mixed-Use,1600,Active
ELV00188,HE-3000 Hospital-Grade,2026-01-06,100000009,IND,Mixed-Use,1600,Active
ELV00189,HE-1200 Compact,2018-12-01,100000009,MEC,Transit Hub,1600,Active
ELV00190,HE-1200 Compact,2022-10-19,100000038,CAN,Commercial Office,1275,Active
ELV00191,HE-2800 Freight,2026-03-25,100000002,PHL,Residential,630,Active
ELV00192,HE-4200 Express,2014-12-05,100000016,DXB,Hotel,1000,Active
ELV00193,HE-1800 Standard,2018-02-20,100000037,ENG,Hotel,800,Active
ELV00194,HE-2200 MRL,2023-11-09,100000000,PHL,Hospital,2000,Active
ELV00195,HE-2800 Freight,2025-11-21,100000034,SYD,Residential,450,Active
ELV00196,HE-2800 Freight,2016-12-09,100000003,CAN,Mixed-Use,630,Active
ELV00197,HE-3000 Hospital-Grade,2019-06-03,100000031,CAN,Shopping Mall,630,Active
ELV00198,HE-5000 Panoramic,2021-10-27,100000014,YVR,Mixed-Use,800,Active
ELV00199,HE-5000 Panoramic,2025-09-25,100000031,GER,Shopping Mall,1275,Active
ELV00200,HE-1200 Compact,2012-11-29,100000032,DXB,Residential,630,Active
ELV00201,HE-1200 Compact,2015-06-22,100000000,GER,Commercial Office,1000,Active
ELV00202,HE-4200 Express,2022-11-10,100000023,AUS,Commercial Office,1600,Active
ELV00203,HE-2000 Gearless,2017-06-10,100000034,YVR,Industrial,5000,Active
ELV00204,HE-2000 Gearless,2013-02-27,100000032,GER,Commercial Office,630,Active
ELV00205,HE-1800 Standard,2016-10-17,100000015,DXB,Mixed-Use,1000,Active
ELV00206,HE-1800 Standard,2018-03-28,100000015,IND,Commercial Office,1600,Active
ELV00207,HE-4200 Express,2014-12-14,100000015,MEC,Mixed-Use,1000,Active
ELV00208,HE-1800 Standard,2019-02-05,100000009,MEX,Residential,450,Active
ELV00209,HE-3500 High-Speed,2022-03-28,100000014,CAN,Commercial Office,1000,Active
ELV00210,HE-3000 Hospital-Grade,2020-09-07,100000004,YVR,Residential,630,Active
ELV00211,HE-1800 Standard,2025-10-29,100000017,USA,Residential,630,Active
ELV00212,HE-5000 Panoramic,2019-12-22,100000034,BLR,Transit Hub,630,Active
ELV00213,HE-1800 Standard,2024-11-16,100000035,FRA,Residential,450,Active
ELV00214,HE-3000 Hospital-Grade,2025-08-21,100000000,UAE,Residential,800,Active
ELV00215,HE-1200 Compact,2013-06-13,100000032,FRA,Mixed-Use,1600,Active
ELV00216,HE-5000 Panoramic,2019-07-02,100000034,LHR,Hospital,1600,Active
ELV00217,HE-2800 Freight,2012-06-01,100000009,DXB,Residential,450,Active
ELV00218,HE-1800 Standard,2018-03-05,100000015,GER,Transit Hub,800,Active
ELV00219,HE-1200 Compact,2020-05-12,100000014,MEC,Residential,630,Active
ELV00220,HE-1200 Compact,2018-03-23,100000019,BLR,Residential,630,Active
ELV00221,HE-1800 Standard,2014-02-24,100000004,ENG,Commercial Office,1000,Active
ELV00222,HE-4200 Express,2012-07-02,100000008,USA,Residential,450,Active
ELV00223,HE-2200 MRL,2018-07-25,100000015,BLR,Hospital,1600,Active
ELV00224,HE-2200 MRL,2015-12-12,100000035,CHN,Transit Hub,1600,Active
ELV00225,HE-2000 Gearless,2024-09-18,100000032,SFO,Transit Hub,1600,Active
ELV00226,HE-1800 Standard,2022-04-19,100000032,FRA,Commercial Office,1000,Active
ELV00227,HE-1800 Standard,2020-06-10,100000014,BLR,Residential,800,Active
ELV00228,HE-3500 High-Speed,2016-04-25,100000008,PVG,Commercial Office,1275,Under Maintenance
ELV00229,HE-3500 High-Speed,2019-05-07,100000038,ENG,Residential,450,Active
ELV00230,HE-2800 Freight,2012-03-29,100000002,GER,Residential,450,Active
ELV00231,HE-2800 Freight,2021-11-21,100000001,IND,Shopping Mall,800,Active
ELV00232,HE-5000 Panoramic,2017-06-16,100000023,LHR,Shopping Mall,630,Active
ELV00233,HE-3000 Hospital-Grade,2012-01-27,100000000,ENG,Mixed-Use,1275,Active
ELV00234,HE-1200 Compact,2017-01-30,100000035,UAE,Commercial Office,800,Active
ELV00235,HE-1800 Standard,2015-12-08,100000037,DXB,Shopping Mall,1000,Active
ELV00236,HE-5000 Panoramic,2024-03-28,100000032,CHN,Residential,450,Active
ELV00237,HE-1800 Standard,2013-05-12,100000002,GER,Residential,450,Active
ELV00238,HE-5000 Panoramic,2018-10-08,100000035,PHL,Commercial Office,800,Active
ELV00239,HE-4200 Express,2015-05-26,100000019,SFO,Commercial Office,1000,Decommissioned
ELV00240,HE-3500 High-Speed,2018-02-24,100000023,YVR,Residential,800,Active
ELV00241,HE-3500 High-Speed,2014-01-22,100000000,CHN,Residential,630,Active
ELV00242,HE-2800 Freight,2016-10-13,100000011,MEX,Commercial Office,800,Decommissioned
ELV00243,HE-1200 Compact,2025-06-29,100000011,SFO,Residential,630,Active
ELV00244,HE-2200 MRL,2026-01-30,100000038,UAE,Mixed-Use,1275,Active
ELV00245,HE-4200 Express,2017-09-03,100000008,MEC,Commercial Office,1275,Active
ELV00246,HE-2000 Gearless,2016-08-12,100000008,ENG,Commercial Office,1000,Active
ELV00247,HE-3000 Hospital-Grade,2012-08-08,100000000,LHR,Hospital,1600,Active
ELV00248,HE-2200 MRL,2020-09-14,100000023,GER,Residential,630,Active
ELV00249,HE-3500 High-Speed,2016-04-16,100000023,DXB,Transit Hub,800,Under Maintenance
ELV00250,HE-1200 Compact,2014-06-26,100000031,BLR,Mixed-Use,630,Active
ELV00251,HE-2800 Freight,2012-06-15,100000034,MEC,Commercial Office,800,Active
ELV00252,HE-3500 High-Speed,2012-12-20,100000035,GER,Transit Hub,1275,Active
ELV00253,HE-3000 Hospital-Grade,2012-11-23,100000003,PHL,Hotel,800,Active
ELV00254,HE-3500 High-Speed,2021-05-17,100000031,SYD,Shopping Mall,800,Active
ELV00255,HE-4200 Express,2017-01-25,100000002,FRA,Residential,800,Active
ELV00256,HE-2800 Freight,2019-07-05,100000011,GER,Commercial Office,800,Under Maintenance
ELV00257,HE-1800 Standard,2020-02-11,100000035,LHR,Commercial Office,800,Active
ELV00258,HE-2200 MRL,2017-03-08,100000038,USA,Industrial,5000,Active
ELV00259,HE-1200 Compact,2015-10-13,100000031,AUS,Hotel,800,Active
ELV00260,HE-4200 Express,2017-11-29,100000034,LHR,Commercial Office,1600,Active
ELV00261,HE-2200 MRL,2016-10-13,100000008,IND,Residential,800,Active
ELV00262,HE-4200 Express,2024-08-15,100000008,IND,Commercial Office,1275,Active
ELV00263,HE-3500 High-Speed,2020-12-21,100000034,USA,Residential,450,Active
ELV00264,HE-2200 MRL,2018-09-07,100000019,PVG,Residential,450,Under Maintenance
ELV00265,HE-2800 Freight,2017-09-16,100000015,CAN,Commercial Office,630,Active
ELV00266,HE-4200 Express,2026-02-02,100000037,MEX,Shopping Mall,800,Active
ELV00267,HE-1200 Compact,2025-05-08,100000004,SYD,Residential,450,Active
ELV00268,HE-2000 Gearless,2024-02-25,100000023,LHR,Commercial Office,1600,Active
ELV00269,HE-2000 Gearless,2015-11-28,100000034,SYD,Commercial Office,1000,Active
ELV00270,HE-2200 MRL,2023-12-25,100000023,AUS,Hospital,2000,Active
ELV00271,HE-2800 Freight,2014-12-19,100000023,USA,Commercial Office,800,Active
ELV00272,HE-1800 Standard,2021-01-20,100000038,FRA,Commercial Office,630,Active
ELV00273,HE-3500 High-Speed,2013-09-12,100000037,BLR,Shopping Mall,1600,Active
ELV00274,HE-5000 Panoramic,2024-11-29,100000001,YVR,Residential,450,Active
ELV00275,HE-1200 Compact,2023-10-28,100000023,MEC,Commercial Office,800,Active
ELV00276,HE-3500 High-Speed,2015-10-30,100000023,CAN,Mixed-Use,1600,Active
ELV00277,HE-1800 Standard,2013-01-26,100000003,USA,Shopping Mall,1600,Active
ELV00278,HE-4200 Express,2015-11-12,100000000,MEC,Shopping Mall,800,Under Maintenance
ELV00279,HE-3000 Hospital-Grade,2019-06-07,100000000,USA,Commercial Office,630,Under Maintenance
ELV00280,HE-2800 Freight,2024-01-25,100000014,UAE,Mixed-Use,1275,Active
ELV00281,HE-1200 Compact,2021-12-30,100000032,PVG,Industrial,5000,Active
ELV00282,HE-3500 High-Speed,2021-08-23,100000023,BLR,Industrial,2000,Active
ELV00283,HE-2800 Freight,2012-10-17,100000031,MEC,Residential,800,Active
ELV00284,HE-1200 Compact,2024-01-13,100000009,MEX,Residential,450,Under Maintenance
ELV00285,HE-5000 Panoramic,2022-04-15,100000032,SFO,Hospital,2000,Active
ELV00286,HE-2800 Freight,2022-03-25,100000037,MEX,Hotel,630,Active
ELV00287,HE-1800 Standard,2026-02-05,100000015,ENG,Hotel,1000,Active
ELV00288,HE-5000 Panoramic,2021-12-11,100000032,CAN,Residential,800,Active
ELV00289,HE-2200 MRL,2023-02-15,100000032,MEX,Industrial,5000,Active
ELV00290,HE-1800 Standard,2019-10-15,100000014,LHR,Hospital,2000,Active
ELV00291,HE-2800 Freight,2024-08-10,100000037,GER,Residential,450,Active
ELV00292,HE-3000 Hospital-Grade,2025-01-17,100000015,SYD,Mixed-Use,1275,Active
ELV00293,HE-1200 Compact,2021-02-21,100000023,YVR,Residential,450,Active
ELV00294,HE-2200 MRL,2019-01-24,100000016,IND,Mixed-Use,630,Active
ELV00295,HE-2000 Gearless,2015-12-16,100000002,SYD,Commercial Office,1000,Active
ELV00296,HE-1800 Standard,2015-11-13,100000038,UAE,Commercial Office,800,Active
ELV00297,HE-3000 Hospital-Grade,2015-01-17,100000011,FRA,Shopping Mall,1275,Active
ELV00298,HE-1200 Compact,2024-08-28,100000015,MEX,Transit Hub,1600,Active
ELV00299,HE-1200 Compact,2024-09-17,100000016,YVR,Hospital,2000,Active
ELV00300,HE-3500 High-Speed,2019-08-18,100000016,BLR,Residential,450,Active
ELV00301,HE-1200 Compact,2013-01-15,100000038,YVR,Residential,800,Decommissioned
ELV00302,HE-2000 Gearless,2021-10-15,100000004,CHN,Mixed-Use,800,Active
ELV00303,HE-5000 Panoramic,2015-10-30,100000031,UAE,Hospital,2000,Under Maintenance
ELV00304,HE-3000 Hospital-Grade,2025-01-05,100000037,AUS,Hotel,800,Active
ELV00305,HE-5000 Panoramic,2017-12-24,100000000,LHR,Residential,630,Active
ELV00306,HE-2800 Freight,2015-12-13,100000004,PVG,Residential,630,Active
ELV00307,HE-2200 MRL,2017-08-23,100000017,USA,Shopping Mall,1000,Active
ELV00308,HE-4200 Express,2024-10-07,100000032,PHL,Hospital,2000,Active
ELV00309,HE-3500 High-Speed,2022-01-12,100000000,SYD,Hotel,630,Active
ELV00310,HE-2800 Freight,2012-01-28,100000015,MEC,Hospital,1600,Active
ELV00311,HE-4200 Express,2022-08-30,100000014,PHL,Industrial,3000,Active
ELV00312,HE-2200 MRL,2016-11-08,100000014,CHN,Industrial,2000,Active
ELV00313,HE-2800 Freight,2014-08-06,100000014,LHR,Residential,800,Under Maintenance
ELV00314,HE-3000 Hospital-Grade,2017-10-29,100000019,SFO,Hotel,800,Active
ELV00315,HE-2000 Gearless,2018-03-03,100000001,SYD,Residential,450,Active
ELV00316,HE-1200 Compact,2026-03-30,100000019,CAN,Mixed-Use,800,Active
ELV00317,HE-2800 Freight,2016-07-16,100000008,MEC,Residential,450,Active
ELV00318,HE-3000 Hospital-Grade,2022-06-02,100000001,GER,Hotel,630,Under Maintenance
ELV00319,HE-2200 MRL,2025-05-29,100000032,YVR,Industrial,3000,Decommissioned
ELV00320,HE-1800 Standard,2022-08-15,100000038,USA,Commercial Office,630,Active
ELV00321,HE-5000 Panoramic,2025-07-12,100000023,MEC,Hotel,630,Active
ELV00322,HE-1800 Standard,2016-05-10,100000038,SFO,Hotel,1600,Active
ELV00323,HE-2800 Freight,2023-04-17,100000009,MEC,Hotel,1600,Active
ELV00324,HE-3500 High-Speed,2021-08-16,100000019,BLR,Shopping Mall,800,Active
ELV00325,HE-4200 Express,2016-06-16,100000015,BLR,Hotel,1600,Active
ELV00326,HE-1800 Standard,2016-12-11,100000031,PHL,Shopping Mall,1600,Active
ELV00327,HE-1200 Compact,2020-06-10,100000008,CHN,Commercial Office,630,Active
ELV00328,HE-1200 Compact,2021-07-26,100000034,MEC,Commercial Office,800,Active
ELV00329,HE-4200 Express,2016-07-08,100000009,PVG,Residential,800,Active
ELV00330,HE-3000 Hospital-Grade,2023-10-15,100000011,GER,Residential,450,Active
ELV00331,HE-3000 Hospital-Grade,2018-03-09,100000032,DXB,Hospital,2000,Active
ELV00332,HE-3000 Hospital-Grade,2023-01-06,100000001,SFO,Residential,800,Under Maintenance
ELV00333,HE-5000 Panoramic,2014-10-04,100000017,ENG,Residential,800,Active
ELV00334,HE-1800 Standard,2020-09-05,100000011,PHL,Hotel,1275,Active
ELV00335,HE-5000 Panoramic,2025-04-19,100000003,LHR,Industrial,5000,Active
ELV00336,HE-4200 Express,2013-12-27,100000031,PVG,Residential,800,Under Maintenance
ELV00337,HE-4200 Express,2023-03-24,100000003,GER,Hotel,800,Active
ELV00338,HE-3000 Hospital-Grade,2025-09-02,100000032,GER,Mixed-Use,1600,Active
ELV00339,HE-2200 MRL,2017-04-12,100000019,FRA,Shopping Mall,1000,Under Maintenance
ELV00340,HE-4200 Express,2015-06-22,100000023,BLR,Mixed-Use,1000,Active
ELV00341,HE-2200 MRL,2018-11-27,100000009,PVG,Industrial,5000,Active
ELV00342,HE-5000 Panoramic,2019-10-28,100000004,IND,Commercial Office,800,Under Maintenance
ELV00343,HE-2800 Freight,2020-12-28,100000002,FRA,Residential,800,Active
ELV00344,HE-2000 Gearless,2025-07-10,100000023,USA,Residential,630,Active
ELV00345,HE-4200 Express,2015-07-03,100000023,ENG,Residential,800,Decommissioned
ELV00346,HE-4200 Express,2014-03-21,100000002,BLR,Residential,630,Active
ELV00347,HE-3500 High-Speed,2014-10-29,100000014,SFO,Residential,630,Under Maintenance
ELV00348,HE-1800 Standard,2015-06-26,100000011,IND,Residential,450,Active
ELV00349,HE-5000 Panoramic,2025-09-26,100000017,CHN,Mixed-Use,630,Active
ELV00350,HE-4200 Express,2020-06-22,100000015,YVR,Industrial,2000,Active
ELV00351,HE-1200 Compact,2017-07-21,100000004,BLR,Residential,630,Active
ELV00352,HE-5000 Panoramic,2024-08-18,100000031,GER,Residential,800,Active
ELV00353,HE-3500 High-Speed,2012-12-04,100000000,MEX,Industrial,2000,Active
ELV00354,HE-2000 Gearless,2012-06-15,100000008,ENG,Residential,630,Active
ELV00355,HE-3000 Hospital-Grade,2025-09-18,100000017,LHR,Hotel,800,Decommissioned
ELV00356,HE-1200 Compact,2016-02-24,100000019,DXB,Mixed-Use,1275,Active
ELV00357,HE-5000 Panoramic,2021-01-02,100000003,SYD,Industrial,2000,Active
ELV00358,HE-4200 Express,2018-01-03,100000004,BLR,Residential,630,Active
ELV00359,HE-3500 High-Speed,2020-02-15,100000034,LHR,Commercial Office,800,Active
ELV00360,HE-5000 Panoramic,2012-02-15,100000009,CHN,Shopping Mall,1000,Active
ELV00361,HE-5000 Panoramic,2018-04-20,100000037,UAE,Residential,630,Active
ELV00362,HE-3500 High-Speed,2026-01-06,100000032,MEC,Residential,450,Active
ELV00363,HE-4200 Express,2016-04-30,100000011,AUS,Residential,630,Active
ELV00364,HE-2000 Gearless,2015-09-11,100000014,CHN,Hospital,2000,Active
ELV00365,HE-3500 High-Speed,2023-09-05,100000038,FRA,Industrial,3000,Active
ELV00366,HE-3000 Hospital-Grade,2013-01-16,100000015,ENG,Mixed-Use,800,Active
ELV00367,HE-2200 MRL,2020-05-05,100000011,FRA,Residential,800,Active
ELV00368,HE-1200 Compact,2020-02-13,100000017,FRA,Transit Hub,800,Under Maintenance
ELV00369,HE-2800 Freight,2015-11-18,100000011,CHN,Shopping Mall,630,Active
ELV00370,HE-2200 MRL,2021-08-19,100000019,GER,Commercial Office,1275,Active
ELV00371,HE-1200 Compact,2013-03-25,100000019,CHN,Commercial Office,1600,Active
ELV00372,HE-2800 Freight,2025-01-23,100000015,SYD,Commercial Office,1275,Active
ELV00373,HE-2000 Gearless,2024-01-15,100000035,DXB,Commercial Office,1000,Active
ELV00374,HE-2200 MRL,2023-03-17,100000037,MEC,Residential,630,Active
ELV00375,HE-4200 Express,2024-03-10,100000015,AUS,Mixed-Use,1000,Active
ELV00376,HE-5000 Panoramic,2020-04-06,100000001,PHL,Residential,630,Active
ELV00377,HE-1200 Compact,2014-10-07,100000002,PVG,Commercial Office,800,Active
ELV00378,HE-3000 Hospital-Grade,2023-09-03,100000015,USA,Commercial Office,1000,Active
ELV00379,HE-4200 Express,2017-09-15,100000002,YVR,Industrial,2000,Active
ELV00380,HE-2200 MRL,2012-08-15,100000001,MEX,Commercial Office,1600,Active
ELV00381,HE-3000 Hospital-Grade,2015-07-31,100000031,PHL,Mixed-Use,1000,Active
ELV00382,HE-4200 Express,2013-06-17,100000004,FRA,Residential,450,Active
ELV00383,HE-1200 Compact,2025-04-07,100000008,USA,Shopping Mall,1600,Under Maintenance
ELV00384,HE-4200 Express,2022-03-30,100000015,BLR,Hospital,2000,Active
ELV00385,HE-3000 Hospital-Grade,2020-05-30,100000019,FRA,Residential,450,Active
ELV00386,HE-1200 Compact,2023-09-17,100000003,LHR,Mixed-Use,1275,Active
ELV00387,HE-3500 High-Speed,2025-07-14,100000009,ENG,Residential,450,Active
ELV00388,HE-3000 Hospital-Grade,2021-09-18,100000016,BLR,Commercial Office,1275,Active
ELV00389,HE-2000 Gearless,2020-02-20,100000009,BLR,Residential,630,Active
ELV00390,HE-3500 High-Speed,2015-11-09,100000032,SYD,Commercial Office,1275,Under Maintenance
ELV00391,HE-1200 Compact,2012-02-21,100000037,GER,Hospital,2500,Active
ELV00392,HE-3500 High-Speed,2022-10-26,100000001,UAE,Residential,450,Active
ELV00393,HE-2000 Gearless,2015-07-12,100000000,AUS,Residential,800,Active
ELV00394,HE-4200 Express,2018-05-25,100000038,LHR,Mixed-Use,800,Active
ELV00395,HE-3500 High-Speed,2012-08-24,100000037,LHR,Commercial Office,630,Active
ELV00396,HE-3000 Hospital-Grade,2023-10-17,100000004,CHN,Residential,450,Active
ELV00397,HE-2200 MRL,2016-05-20,100000023,AUS,Residential,630,Active
ELV00398,HE-2800 Freight,2022-03-27,100000008,USA,Residential,630,Active
ELV00399,HE-2000 Gearless,2026-01-05,100000001,MEC,Residential,450,Active
ELV00400,HE-3500 High-Speed,2021-04-20,100000015,AUS,Commercial Office,1275,Active
ELV00401,HE-2200 MRL,2020-06-12,100000016,CAN,Commercial Office,1275,Decommissioned
ELV00402,HE-5000 Panoramic,2014-12-20,100000015,LHR,Hotel,800,Active
ELV00403,HE-2200 MRL,2020-12-15,100000003,DXB,Hospital,2000,Active
ELV00404,HE-2000 Gearless,2022-02-28,100000001,GER,Commercial Office,1000,Active
ELV00405,HE-2800 Freight,2019-04-23,100000011,LHR,Mixed-Use,800,Active
ELV00406,HE-1800 Standard,2014-08-26,100000017,UAE,Hotel,1600,Active
ELV00407,HE-4200 Express,2023-03-12,100000037,UAE,Hospital,1600,Active
ELV00408,HE-1800 Standard,2013-04-06,100000009,BLR,Commercial Office,800,Active
ELV00409,HE-3500 High-Speed,2014-09-04,100000034,CHN,Residential,800,Active
ELV00410,HE-2000 Gearless,2015-08-22,100000004,GER,Commercial Office,1600,Active
ELV00411,HE-3500 High-Speed,2012-04-13,100000004,LHR,Hospital,2500,Active
ELV00412,HE-3500 High-Speed,2015-07-05,100000038,YVR,Residential,800,Active
ELV00413,HE-2200 MRL,2025-12-28,100000035,SFO,Residential,800,Active
ELV00414,HE-1200 Compact,2017-01-27,100000019,PVG,Residential,450,Active
ELV00415,HE-4200 Express,2024-11-13,100000035,YVR,Commercial Office,1600,Under Maintenance
ELV00416,HE-3500 High-Speed,2021-04-06,100000019,CAN,Residential,800,Active
ELV00417,HE-5000 Panoramic,2022-11-15,100000011,LHR,Commercial Office,630,Active
ELV00418,HE-2000 Gearless,2017-09-19,100000023,CAN,Transit Hub,630,Active
ELV00419,HE-3500 High-Speed,2012-01-08,100000023,GER,Commercial Office,800,Active
ELV00420,HE-2000 Gearless,2018-05-31,100000002,FRA,Commercial Office,1600,Active
ELV00421,HE-2800 Freight,2024-01-01,100000003,SYD,Commercial Office,1600,Active
ELV00422,HE-5000 Panoramic,2015-03-24,100000008,MEC,Mixed-Use,1600,Active
ELV00423,HE-2800 Freight,2015-07-25,100000015,GER,Mixed-Use,800,Active
ELV00424,HE-3500 High-Speed,2017-10-09,100000031,ENG,Residential,450,Active
ELV00425,HE-2200 MRL,2021-07-20,100000023,BLR,Commercial Office,800,Active
ELV00426,HE-1800 Standard,2021-10-16,100000014,FRA,Commercial Office,1600,Active
ELV00427,HE-3500 High-Speed,2012-08-08,100000016,DXB,Shopping Mall,1600,Active
ELV00428,HE-5000 Panoramic,2026-03-09,100000034,USA,Commercial Office,1600,Active
ELV00429,HE-2800 Freight,2020-07-29,100000011,PHL,Hotel,1000,Under Maintenance
ELV00430,HE-1200 Compact,2025-04-30,100000001,MEC,Residential,800,Active
ELV00431,HE-1200 Compact,2024-10-08,100000034,CHN,Mixed-Use,1000,Active
ELV00432,HE-2800 Freight,2022-03-16,100000032,AUS,Residential,630,Active
ELV00433,HE-4200 Express,2015-09-22,100000009,BLR,Commercial Office,1000,Active
ELV00434,HE-2000 Gearless,2012-01-07,100000015,SFO,Commercial Office,800,Active
ELV00435,HE-3500 High-Speed,2012-10-12,100000014,AUS,Mixed-Use,800,Active
ELV00436,HE-3500 High-Speed,2016-04-18,100000031,AUS,Transit Hub,800,Active
ELV00437,HE-2800 Freight,2018-06-06,100000014,DXB,Shopping Mall,1600,Active
ELV00438,HE-2000 Gearless,2020-02-20,100000017,LHR,Commercial Office,1600,Active
ELV00439,HE-3500 High-Speed,2014-07-16,100000008,PHL,Shopping Mall,1600,Active
ELV00440,HE-2200 MRL,2024-03-08,100000023,IND,Commercial Office,1000,Active
ELV00441,HE-2800 Freight,2012-04-14,100000004,AUS,Transit Hub,800,Active
ELV00442,HE-4200 Express,2013-10-24,100000031,GER,Hospital,2000,Active
ELV00443,HE-5000 Panoramic,2014-06-02,100000023,MEC,Mixed-Use,1600,Under Maintenance
ELV00444,HE-1800 Standard,2012-03-22,100000031,LHR,Hospital,1600,Active
ELV00445,HE-1800 Standard,2012-02-26,100000004,YVR,Commercial Office,1600,Active
ELV00446,HE-2000 Gearless,2014-04-12,100000008,CAN,Mixed-Use,1600,Under Maintenance
ELV00447,HE-3500 High-Speed,2012-06-14,100000038,SYD,Commercial Office,630,Under Maintenance
ELV00448,HE-4200 Express,2025-01-30,100000014,SYD,Shopping Mall,1275,Active
ELV00449,HE-2200 MRL,2015-06-06,100000004,ENG,Residential,450,Active
ELV00450,HE-1800 Standard,2015-12-30,100000038,MEX,Hotel,800,Active
ELV00451,HE-2200 MRL,2019-03-04,100000034,GER,Hotel,800,Active
ELV00452,HE-4200 Express,2014-12-05,100000032,PHL,Commercial Office,630,Active
ELV00453,HE-3500 High-Speed,2018-02-14,100000032,PHL,Hotel,630,Active
ELV00454,HE-2200 MRL,2024-07-19,100000015,GER,Residential,450,Active
ELV00455,HE-3000 Hospital-Grade,2023-04-09,100000016,SYD,Hotel,1000,Active
ELV00456,HE-4200 Express,2014-10-06,100000004,IND,Residential,450,Active
ELV00457,HE-4200 Express,2020-08-29,100000011,SYD,Residential,630,Active
ELV00458,HE-3500 High-Speed,2021-01-06,100000017,MEC,Commercial Office,1000,Active
ELV00459,HE-1800 Standard,2025-08-07,100000017,BLR,Mixed-Use,1600,Active
ELV00460,HE-5000 Panoramic,2020-10-12,100000037,SFO,Commercial Office,1000,Active
ELV00461,HE-5000 Panoramic,2025-09-09,100000032,AUS,Hospital,2500,Decommissioned
ELV00462,HE-5000 Panoramic,2017-10-11,100000016,IND,Commercial Office,1275,Active
ELV00463,HE-3500 High-Speed,2014-09-11,100000009,PHL,Residential,450,Active
ELV00464,HE-1800 Standard,2018-12-28,100000031,CHN,Commercial Office,630,Active
ELV00465,HE-2800 Freight,2020-07-11,100000016,SFO,Industrial,2000,Active
ELV00466,HE-2000 Gearless,2017-09-23,100000004,ENG,Commercial Office,800,Decommissioned
ELV00467,HE-1800 Standard,2016-03-19,100000019,CAN,Commercial Office,1600,Active
ELV00468,HE-2800 Freight,2022-02-14,100000016,FRA,Commercial Office,1275,Active
ELV00469,HE-2200 MRL,2021-08-19,100000023,MEC,Residential,630,Active
ELV00470,HE-3000 Hospital-Grade,2021-04-16,100000019,AUS,Hotel,1600,Active
ELV00471,HE-2200 MRL,2022-02-13,100000035,AUS,Residential,630,Active
ELV00472,HE-2200 MRL,2015-01-08,100000011,SFO,Shopping Mall,800,Active
ELV00473,HE-2800 Freight,2018-12-26,100000038,USA,Hotel,630,Active
ELV00474,HE-5000 Panoramic,2025-12-07,100000031,SFO,Hotel,1000,Decommissioned
ELV00475,HE-1800 Standard,2020-11-01,100000001,DXB,Hotel,1275,Active
ELV00476,HE-2200 MRL,2021-03-31,100000032,YVR,Commercial Office,630,Active
ELV00477,HE-1200 Compact,2020-03-15,100000004,BLR,Mixed-Use,1000,Active
ELV00478,HE-5000 Panoramic,2015-12-13,100000001,AUS,Residential,450,Active
ELV00479,HE-3000 Hospital-Grade,2013-05-18,100000001,GER,Commercial Office,630,Active
ELV00480,HE-5000 Panoramic,2019-12-16,100000015,LHR,Industrial,5000,Active
ELV00481,HE-3000 Hospital-Grade,2018-04-02,100000031,FRA,Residential,800,Active
ELV00482,HE-5000 Panoramic,2023-11-22,100000019,USA,Mixed-Use,630,Under Maintenance
ELV00483,HE-2200 MRL,2014-01-27,100000016,MEX,Commercial Office,1275,Active
ELV00484,HE-3500 High-Speed,2013-06-06,100000037,MEX,Shopping Mall,630,Active
ELV00485,HE-3000 Hospital-Grade,2013-04-29,100000023,ENG,Residential,450,Active
ELV00486,HE-4200 Express,2013-02-07,100000014,SFO,Commercial Office,1000,Active
ELV00487,HE-1800 Standard,2024-05-13,100000017,DXB,Industrial,3000,Active
ELV00488,HE-2000 Gearless,2023-09-14,100000034,FRA,Residential,630,Active
ELV00489,HE-5000 Panoramic,2013-07-26,100000003,ENG,Transit Hub,1000,Active
ELV00490,HE-2800 Freight,2014-05-19,100000003,USA,Commercial Office,630,Active
ELV00491,HE-2000 Gearless,2018-05-01,100000015,GER,Shopping Mall,630,Active
ELV00492,HE-5000 Panoramic,2014-10-10,100000034,GER,Shopping Mall,1600,Active
ELV00493,HE-3500 High-Speed,2014-09-30,100000015,YVR,Mixed-Use,1275,Active
ELV00494,HE-3000 Hospital-Grade,2014-10-27,100000038,IND,Residential,450,Active
ELV00495,HE-5000 Panoramic,2012-07-13,100000038,MEX,Transit Hub,630,Under Maintenance
ELV00496,HE-2000 Gearless,2014-10-22,100000011,CAN,Commercial Office,1000,Active
ELV00497,HE-2000 Gearless,2022-05-20,100000015,MEX,Shopping Mall,630,Active
ELV00498,HE-1800 Standard,2024-06-23,100000001,FRA,Shopping Mall,800,Under Maintenance
ELV00499,HE-1200 Compact,2024-12-14,100000003,YVR,Residential,450,Active
ELV00500,HE-1800 Standard,2015-11-04,100000015,SFO,Industrial,5000,Active
